<?xml version="1.0" encoding="UTF-8"?>
<project-private xmlns="http://www.netbeans.org/ns/project-private/1">
    <editor-bookmarks xmlns="http://www.netbeans.org/ns/editor-bookmarks/2" lastBookmarkId="0"/>
    <open-files xmlns="http://www.netbeans.org/ns/projectui-open-files/2">
        <group>
            <file>file:/Users/lice/Downloads/FIT5046/FIT5046%20Assignment1/Assignment1/src/java/Assignment1/service/ReportsFacadeREST.java</file>
            <file>file:/Users/lice/Downloads/FIT5046/FIT5046%20Assignment1/Assignment1/src/java/Assignment1/Users.java</file>
            <file>file:/Users/lice/Downloads/FIT5046/FIT5046%20Assignment1/Assignment1/src/java/Assignment1/ReportsPK.java</file>
            <file>file:/Users/lice/Downloads/FIT5046/FIT5046%20Assignment1/Assignment1/src/java/Assignment1/service/UsersFacadeREST.java</file>
            <file>file:/Users/lice/Downloads/FIT5046/FIT5046%20Assignment1/Assignment1/src/java/Assignment1/service/CredentialsFacadeREST.java</file>
            <file>file:/Users/lice/Downloads/FIT5046/FIT5046%20Assignment1/Assignment1/src/java/Assignment1/Reports.java</file>
            <file>file:/Users/lice/Downloads/FIT5046/FIT5046%20Assignment1/Assignment1/src/java/Assignment1/Consumptions.java</file>
        </group>
    </open-files>
</project-private>
